{"v":"5.5.7","meta":{"g":"LottieFiles AE 0.1.20","a":"","k":"","d":"","tc":""},"fr":10,"ip":0,"op":75,"w":500,"h":500,"nm":"Hotel","ddd":0,"assets":[{"id":"comp_0","layers":[{"ddd":0,"ind":1,"ty":4,"nm":"Layer 2 Outlines","sr":1,"ks":{"o":{"a":0,"k":100,"ix":11},"r":{"a":0,"k":0,"ix":10},"p":{"a":1,"k":[{"i":{"x":0.667,"y":1},"o":{"x":0.333,"y":0},"t":17,"s":[248.962,182.139,0],"to":[0,23.333,0],"ti":[0,-23.333,0]},{"i":{"x":0.667,"y":0.667},"o":{"x":0.333,"y":0.333},"t":22,"s":[248.962,322.139,0],"to":[0,0,0],"ti":[0,0,0]},{"i":{"x":0.667,"y":1},"o":{"x":0.333,"y":0},"t":25,"s":[248.962,322.139,0],"to":[0,-23.333,0],"ti":[0,23.333,0]},{"t":30,"s":[248.962,182.139,0]}],"ix":2},"a":{"a":0,"k":[25.072,10.206,0],"ix":1},"s":{"a":0,"k":[901.5,901.5,100],"ix":6}},"ao":0,"shapes":[{"ty":"gr","it":[{"ind":0,"ty":"sh","ix":1,"ks":{"a":0,"k":{"i":[[0,0],[0,0],[1.251,0],[0,0],[0,-1.251],[0,0]],"o":[[0,0],[0,-1.251],[0,0],[-1.251,0],[0,0],[0,0]],"v":[[20.572,5.706],[20.572,-3.441],[18.307,-5.706],[-18.307,-5.706],[-20.572,-3.441],[-20.572,5.706]],"c":false},"ix":2},"nm":"Path 1","mn":"ADBE Vector Shape - Group","hd":false},{"ty":"st","c":{"a":0,"k":[0.8275,0.1843,0.1843,1],"ix":3},"o":{"a":0,"k":100,"ix":4},"w":{"a":0,"k":1.8,"ix":5},"lc":2,"lj":1,"ml":10,"bm":0,"nm":"Stroke 1","mn":"ADBE Vector Graphic - Stroke","hd":false},{"ty":"tr","p":{"a":0,"k":[25.072,10.206],"ix":2},"a":{"a":0,"k":[0,0],"ix":1},"s":{"a":0,"k":[100,100],"ix":3},"r":{"a":0,"k":0,"ix":6},"o":{"a":0,"k":100,"ix":7},"sk":{"a":0,"k":0,"ix":4},"sa":{"a":0,"k":0,"ix":5},"nm":"Transform"}],"nm":"Group 1","np":2,"cix":2,"bm":0,"ix":1,"mn":"ADBE Vector Group","hd":false}],"ip":0,"op":50,"st":0,"bm":0},{"ddd":0,"ind":2,"ty":4,"nm":"Layer 4 Outlines","sr":1,"ks":{"o":{"a":0,"k":100,"ix":11},"r":{"a":0,"k":0,"ix":10},"p":{"a":1,"k":[{"i":{"x":0.667,"y":1},"o":{"x":0.333,"y":0},"t":10,"s":[166.791,235.578,0],"to":[0,11.333,0],"ti":[0,-11.333,0]},{"i":{"x":0.667,"y":0.667},"o":{"x":0.333,"y":0.333},"t":15,"s":[166.791,303.578,0],"to":[0,0,0],"ti":[0,0,0]},{"i":{"x":0.667,"y":1},"o":{"x":0.333,"y":0},"t":29,"s":[166.791,303.578,0],"to":[0,-11.333,0],"ti":[0,11.333,0]},{"t":34,"s":[166.791,235.578,0]}],"ix":2},"a":{"a":0,"k":[10.462,8.189,0],"ix":1},"s":{"a":0,"k":[901.5,901.5,100],"ix":6}},"ao":0,"shapes":[{"ty":"gr","it":[{"ind":0,"ty":"sh","ix":1,"ks":{"a":0,"k":{"i":[[0,0],[0,0],[-1.019,0],[0,0],[0,-1.019],[0,0]],"o":[[0,0],[0,-1.019],[0,0],[1.02,0],[0,0],[0,0]],"v":[[-5.962,3.689],[-5.962,-1.845],[-4.117,-3.689],[4.117,-3.689],[5.962,-1.845],[5.962,3.689]],"c":false},"ix":2},"nm":"Path 1","mn":"ADBE Vector Shape - Group","hd":false},{"ty":"st","c":{"a":0,"k":[0.8275,0.1843,0.1843,1],"ix":3},"o":{"a":0,"k":100,"ix":4},"w":{"a":0,"k":1.8,"ix":5},"lc":2,"lj":1,"ml":10,"bm":0,"nm":"Stroke 1","mn":"ADBE Vector Graphic - Stroke","hd":false},{"ty":"tr","p":{"a":0,"k":[10.462,8.189],"ix":2},"a":{"a":0,"k":[0,0],"ix":1},"s":{"a":0,"k":[100,100],"ix":3},"r":{"a":0,"k":0,"ix":6},"o":{"a":0,"k":100,"ix":7},"sk":{"a":0,"k":0,"ix":4},"sa":{"a":0,"k":0,"ix":5},"nm":"Transform"}],"nm":"Group 1","np":2,"cix":2,"bm":0,"ix":1,"mn":"ADBE Vector Group","hd":false}],"ip":0,"op":50,"st":0,"bm":0},{"ddd":0,"ind":3,"ty":4,"nm":"Layer 5 Outlines","sr":1,"ks":{"o":{"a":0,"k":100,"ix":11},"r":{"a":0,"k":0,"ix":10},"p":{"a":1,"k":[{"i":{"x":0.667,"y":1},"o":{"x":0.333,"y":0},"t":12,"s":[334.272,235.578,0],"to":[0,11.333,0],"ti":[0,-11.333,0]},{"i":{"x":0.667,"y":0.667},"o":{"x":0.333,"y":0.333},"t":17,"s":[334.272,303.578,0],"to":[0,0,0],"ti":[0,0,0]},{"i":{"x":0.667,"y":1},"o":{"x":0.333,"y":0},"t":31,"s":[334.272,303.578,0],"to":[0,-11.333,0],"ti":[0,11.333,0]},{"t":36,"s":[334.272,235.578,0]}],"ix":2},"a":{"a":0,"k":[10.462,8.189,0],"ix":1},"s":{"a":0,"k":[901.5,901.5,100],"ix":6}},"ao":0,"shapes":[{"ty":"gr","it":[{"ind":0,"ty":"sh","ix":1,"ks":{"a":0,"k":{"i":[[0,0],[0,0],[-1.02,0],[0,0],[0,-1.019],[0,0]],"o":[[0,0],[0,-1.019],[0,0],[1.019,0],[0,0],[0,0]],"v":[[-5.962,3.689],[-5.962,-1.845],[-4.117,-3.689],[4.117,-3.689],[5.962,-1.845],[5.962,3.689]],"c":false},"ix":2},"nm":"Path 1","mn":"ADBE Vector Shape - Group","hd":false},{"ty":"st","c":{"a":0,"k":[0.8275,0.1843,0.1843,1],"ix":3},"o":{"a":0,"k":100,"ix":4},"w":{"a":0,"k":1.8,"ix":5},"lc":2,"lj":1,"ml":10,"bm":0,"nm":"Stroke 1","mn":"ADBE Vector Graphic - Stroke","hd":false},{"ty":"tr","p":{"a":0,"k":[10.462,8.189],"ix":2},"a":{"a":0,"k":[0,0],"ix":1},"s":{"a":0,"k":[100,100],"ix":3},"r":{"a":0,"k":0,"ix":6},"o":{"a":0,"k":100,"ix":7},"sk":{"a":0,"k":0,"ix":4},"sa":{"a":0,"k":0,"ix":5},"nm":"Transform"}],"nm":"Group 1","np":2,"cix":2,"bm":0,"ix":1,"mn":"ADBE Vector Group","hd":false}],"ip":0,"op":50,"st":0,"bm":0}]}],"layers":[{"ddd":0,"ind":1,"ty":3,"nm":"Null 1","sr":1,"ks":{"o":{"a":0,"k":0,"ix":11},"r":{"a":0,"k":0,"ix":10},"p":{"a":0,"k":[250,250,0],"ix":2},"a":{"a":0,"k":[50,50,0],"ix":1},"s":{"a":1,"k":[{"i":{"x":[0.833,0.833,0.833],"y":[0.833,0.833,0.833]},"o":{"x":[0.167,0.167,0.167],"y":[0.167,0.167,0.167]},"t":0,"s":[100,100,100]},{"i":{"x":[0.833,0.833,0.833],"y":[0.833,0.833,0.833]},"o":{"x":[0.167,0.167,0.167],"y":[0.167,0.167,0.167]},"t":10,"s":[110.00000000000001,110.00000000000001,100]},{"i":{"x":[0.833,0.833,0.833],"y":[0.833,0.833,0.833]},"o":{"x":[0.167,0.167,0.167],"y":[0.167,0.167,0.167]},"t":35,"s":[110.00000000000001,110.00000000000001,100]},{"t":45,"s":[100,100,100]}],"ix":6}},"ao":0,"ip":0,"op":50,"st":0,"bm":0},{"ddd":0,"ind":2,"ty":0,"nm":"Pre-comp 2","parent":1,"refId":"comp_0","sr":1,"ks":{"o":{"a":0,"k":100,"ix":11},"r":{"a":0,"k":0,"ix":10},"p":{"a":0,"k":[50,50,0],"ix":2},"a":{"a":0,"k":[250,250,0],"ix":1},"s":{"a":0,"k":[100,100,100],"ix":6}},"ao":0,"hasMask":true,"masksProperties":[{"inv":true,"mode":"a","pt":{"a":0,"k":{"i":[[0,0],[0,0],[0,0],[0,0]],"o":[[0,0],[0,0],[0,0],[0,0]],"v":[[480,271],[31,271],[31,449],[480,449]],"c":true},"ix":1},"o":{"a":0,"k":100,"ix":3},"x":{"a":0,"k":0,"ix":4},"nm":"Mask 1"}],"w":500,"h":500,"ip":0,"op":50,"st":0,"bm":0},{"ddd":0,"ind":3,"ty":4,"nm":"Layer 3 Outlines","parent":1,"sr":1,"ks":{"o":{"a":0,"k":100,"ix":11},"r":{"a":0,"k":0,"ix":10},"p":{"a":0,"k":[50.529,148.893,0],"ix":2},"a":{"a":0,"k":[26.635,13.381,0],"ix":1},"s":{"a":0,"k":[901.5,901.5,100],"ix":6}},"ao":0,"shapes":[{"ty":"gr","it":[{"ind":0,"ty":"sh","ix":1,"ks":{"a":0,"k":{"i":[[0,0],[0,0],[0,0],[0.896,0],[0,0],[0,0.897],[0,0],[1.31,0],[0,0],[0,-1.31],[0,0],[0.896,0],[0,0],[0,0.897],[0,0],[0,0],[0,0],[-1.201,0],[0,0],[0,0],[0,0],[0,-1.201]],"o":[[0,0],[0,0],[0,0.897],[0,0],[-0.895,0],[0,0],[0,-1.31],[0,0],[-1.309,0],[0,0],[0,0.897],[0,0],[-0.897,0],[0,0],[0,0],[0,0],[0,-1.201],[0,0],[0,0],[0,0],[1.201,0],[0,0]],"v":[[22.135,1.485],[22.135,5.744],[22.135,7.259],[20.512,8.881],[18.619,8.881],[16.997,7.259],[16.997,5.116],[14.625,2.744],[-14.625,2.744],[-16.997,5.116],[-16.997,7.259],[-18.619,8.881],[-20.511,8.881],[-22.135,7.259],[-22.135,5.744],[-22.135,1.485],[-22.135,-6.707],[-19.961,-8.881],[-16.997,-8.881],[16.997,-8.881],[19.961,-8.881],[22.135,-6.707]],"c":true},"ix":2},"nm":"Path 1","mn":"ADBE Vector Shape - Group","hd":false},{"ty":"st","c":{"a":0,"k":[0.8275,0.1843,0.1843,1],"ix":3},"o":{"a":0,"k":100,"ix":4},"w":{"a":0,"k":1.8,"ix":5},"lc":2,"lj":1,"ml":10,"bm":0,"nm":"Stroke 1","mn":"ADBE Vector Graphic - Stroke","hd":false},{"ty":"tr","p":{"a":0,"k":[26.635,13.381],"ix":2},"a":{"a":0,"k":[0,0],"ix":1},"s":{"a":0,"k":[100,100],"ix":3},"r":{"a":0,"k":0,"ix":6},"o":{"a":0,"k":100,"ix":7},"sk":{"a":0,"k":0,"ix":4},"sa":{"a":0,"k":0,"ix":5},"nm":"Transform"}],"nm":"Group 1","np":2,"cix":2,"bm":0,"ix":1,"mn":"ADBE Vector Group","hd":false}],"ip":0,"op":50,"st":0,"bm":0}],"markers":[]}